id,name,key,value,movie,
1kihy,ContactCollection,1.067966520786285E-001,1.141964457929134E-003,5.855074618011713E-003,
2okij,ContactCollection,1.043454632163048E-001,1.287244027480483E-003,5.807569250464439E-003,
3olkj,ContactCollection,1.018797382712364E-001,1.497663557529450E-003,5.986513104289770E-003,
4plmn,ContactCollection,9.928287565708160E-002,1.647840370424092E-003,5.912321619689465E-003,
5uhvb,ContactCollection,9.671460092067719E-002,1.589289400726557E-003,5.917594302445650E-003,